,id,address_v4,asn_v4,prefix_v4,address_v6,asn_v6,prefix_v6,country,status,is_public,latitude,longitude,description
0,47,-,20815,80.64.47.0/24,-,-,-,es,Connected,No,41.9705,2.8095,Probe-1@GRN
1,147,212.49.129.251,8903,212.49.128.0/23,2001:ac0::220:4aff:febf:fd49,8903,2001:ac0::/32,es,Abandoned,Yes,40.5205,-3.6705,AS8903 BT Spain Labs
2,155,-,-,-,-,-,-,es,Abandoned,Yes,40.4195,-3.7005,Vodafone IPv4 only
3,179,-,-,-,-,-,-,es,Abandoned,No,40.6015,-3.9795,DEAD
4,199,192.148.201.129,766,192.148.201.0/24,-,-,-,es,Abandoned,Yes,40.4515,-3.6885,RedIRIS
5,300,-,3352,83.58.0.0/16,-,3352,2a02:9000::/23,es,Abandoned,No,40.5475,-3.6325,Movistar service
6,334,88.20.15.150,3352,88.20.0.0/16,-,-,-,es,Connected,Yes,37.9895,-1.1315,Broadband home connection
7,341,213.0.69.132,3352,213.0.0.0/16,2001:470:1f1d:275:220:4aff:fec8:2405,6939,2001:470::/32,es,Connected,Yes,40.5975,-3.9805,Oficina
8,349,-,-,-,-,-,-,es,Abandoned,No,40.5315,-3.6305,Sarenet Service
9,398,-,3352,81.35.0.0/16,-,-,-,es,Abandoned,No,41.9215,1.2015,"Casa Ponts, Josep Closa 25"
10,405,-,766,138.4.0.0/16,-,766,2001:720::/32,es,Abandoned,No,40.4495,-3.7325,ETSI TelecomunicaciÃ³n - Univer
11,415,-,-,-,-,-,-,es,Abandoned,Yes,40.4895,-3.8725,Las Rozas
12,417,217.18.40.10,15954,217.18.32.0/20,2a01:a940:7766:1:220:4aff:fec8:25c8,15954,2a01:a940::/32,es,Connected,Yes,40.4505,-3.5725,Tecnocratica MAD1 (Ex Colgajit
13,448,2.138.19.48,3352,2.138.0.0/16,-,-,-,es,Abandoned,Yes,40.5915,-4.1505,JPC Pizarra Probe
14,478,-,-,-,-,-,-,es,Abandoned,Yes,41.2815,1.9805,Casa
15,575,217.217.130.55,6739,217.217.128.0/20,-,-,-,es,Abandoned,Yes,36.1695,-5.3495,ipv5
16,632,-,-,-,2001:470:1f09:495:220:4aff:febf:ffaf,6939,2001:470::/32,es,Connected,Yes,40.5985,-3.9815,Casa
17,640,80.67.96.65,8426,80.67.96.0/20,-,-,-,es,Abandoned,Yes,41.3575,2.1295,Claranet ES Office
18,659,84.88.1.18,13041,84.88.0.0/16,-,-,-,es,Abandoned,Yes,41.3915,2.1095,CSUC - Anella CientÃ­fica
19,660,-,15704,213.194.128.0/20,-,-,-,es,Abandoned,No,37.3375,-5.9295,japi
20,676,-,52037,46.37.96.0/24,-,-,-,es,Abandoned,No,40.4005,-3.6795,-
21,679,-,12924,213.236.12.0/23,-,-,-,es,Abandoned,No,37.3815,-5.9995,Montes Sierra
22,715,-,3352,79.144.0.0/16,-,-,-,es,Connected,No,36.6995,-4.4525,Octanio Office Router
23,805,-,-,-,-,-,-,es,Abandoned,No,40.5195,-3.9325,ADSL Jazztel Edu
24,848,-,15810,89.107.182.0/24,-,-,-,es,Abandoned,No,40.6015,-3.7105,BBVA-TC1
25,902,84.88.32.113,13041,84.88.0.0/16,-,-,-,es,Abandoned,Yes,41.2785,1.9775,i2CAT Foundation - School of T
26,1307,147.83.206.82,13041,147.83.0.0/16,-,-,-,es,Abandoned,Yes,41.3905,2.1075,i2CAT Foundation
27,1531,84.232.107.214,29119,84.232.106.0/23,fdbb:7440:7714:0:220:4aff:fec8:24ac,-,-,es,Connected,Yes,37.9675,-1.2215,n0p's home
28,2001,87.220.50.218,12479,87.220.48.0/22,-,-,-,es,Abandoned,Yes,43.3175,-1.9825,Jazztel IPv4 only
29,2023,88.3.120.87,3352,88.3.0.0/16,2a02:9140:5280:0:220:4aff:fee0:220a,3352,2a02:9000::/23,es,Connected,Yes,40.3985,-3.7215,AS3352 Probe v2
30,2231,80.102.141.177,12479,80.102.128.0/20,-,-,-,es,Abandoned,Yes,41.3775,2.1185,Toots home router
31,2247,-,29680,193.22.119.0/24,-,-,-,es,Abandoned,No,41.4905,2.1395,Voztelecom
32,2394,-,-,-,-,-,-,es,Abandoned,No,40.3895,-3.6085,AS51678
33,2406,193.146.134.103,766,193.144.0.0/14,-,-,-,es,Abandoned,Yes,40.4605,-3.4825,Eumetsat BUCC internet
34,2454,-,-,-,-,-,-,es,Abandoned,Yes,40.4595,-3.6905,martinandrino
35,2492,88.6.96.34,3352,88.6.0.0/16,-,-,-,es,Abandoned,Yes,40.3985,-3.6985,macias
36,2574,-,-,-,-,-,-,es,Abandoned,Yes,42.8495,-2.6695,42's WiMAX
37,2595,-,3352,88.5.0.0/16,-,-,-,es,Abandoned,No,41.6495,-0.8785,Zaragoza
38,2604,37.46.88.25,57929,37.46.88.0/21,-,-,-,es,Connected,Yes,40.4495,-3.5725,Octanio AS
39,2639,79.152.40.237,3352,79.152.0.0/16,-,-,-,es,Abandoned,Yes,41.4115,2.2185,TelefonicaResearch
40,2740,78.30.25.41,15704,78.30.24.0/21,fd93:2b5f:1ca6:4b07:220:4aff:fee0:2308,-,-,es,Connected,Yes,36.5975,-4.5205,kerkhoff_HOME
41,2813,-,12357,81.202.120.0/21,-,-,-,es,Abandoned,No,39.4685,-0.3825,-
42,3236,-,-,-,-,-,-,es,Abandoned,No,40.4005,-0.0015,-
43,3320,-,3352,83.37.0.0/16,-,-,-,es,Abandoned,No,41.3875,2.1485,Aribau
44,3471,-,3352,88.4.0.0/16,-,-,-,es,Connected,No,41.6475,-0.8895,Office
45,3712,79.148.251.62,3352,79.148.0.0/16,-,-,-,es,Connected,Yes,40.4485,-3.7925,-
46,3720,193.145.14.94,766,193.144.0.0/14,2001:720:458:a:280:a3ff:fe91:3b8f,766,2001:720::/32,es,Abandoned,Yes,40.4175,-3.7015,IMDEA N.
47,3726,83.48.64.37,3352,83.48.0.0/16,-,-,-,es,Connected,Yes,40.4305,-3.7115,JPC - CNC Madrid
48,3748,-,15954,217.18.32.0/20,-,15954,2a01:a940::/32,es,Connected,No,40.4915,-3.6905,Tecnocratica MAD0
49,3755,-,3352,88.26.0.0/16,-,3352,2a02:9000::/23,es,Connected,No,40.3495,-3.6805,-
50,3758,-,-,-,-,-,-,es,Abandoned,Yes,36.6015,-4.5205,adsl
51,3779,-,-,-,-,-,-,es,Never Connected,Yes,41.3115,2.0805,-
52,3785,80.39.167.223,3352,80.39.0.0/16,2001:470:7f1d:1:220:4aff:fee0:2832,6939,2001:470::/32,es,Connected,Yes,40.4495,-3.6485,Madrid
53,4048,150.241.254.254,766,150.241.128.0/17,-,-,-,es,Connected,Yes,43.3115,-2.0105,-
54,4053,158.227.98.1,15488,158.227.0.0/16,-,-,-,es,Connected,Yes,43.2585,-2.9505,-
55,4068,-,15488,158.227.0.0/16,-,-,-,es,Abandoned,No,43.2615,-2.9495,-
56,4143,88.14.200.138,3352,88.14.0.0/16,2a02:9140:6b80:100:280:a3ff:fe91:3a5a,3352,2a02:9000::/23,es,Disconnected,Yes,43.2685,-2.9505,-
57,4640,194.5.29.226,48146,194.5.29.0/24,-,-,-,es,Connected,Yes,38.0575,-0.8705,ROBSPROBE
58,4662,147.83.206.82,13041,147.83.0.0/16,-,-,-,es,Abandoned,Yes,41.3885,2.1705,-
59,4730,185.14.56.14,202054,185.14.56.0/22,-,-,-,es,Abandoned,Yes,37.9575,-1.2015,OFICINA
60,4828,147.84.200.125,39069,147.84.0.0/16,2a00:db40:0:1:280:a3ff:fe91:42e2,39069,2a00:db40::/32,es,Abandoned,Yes,37.9815,-1.1215,Comunidad AutÃ³noma RegiÃ³n Murc
61,4931,109.234.82.2,13287,109.234.82.0/23,2a02:23a0:1111:3::2,13287,2a02:23a0::/32,es,Abandoned,Yes,39.5175,-0.4715,NIXVAL RIPE_ATLAS_R4_PROBE1
62,5010,88.17.246.234,3352,88.17.0.0/16,-,-,-,es,Disconnected,Yes,37.9875,-1.1325,Julio's Probe
63,5011,88.1.227.67,3352,88.1.0.0/16,-,-,-,es,Abandoned,Yes,40.4975,-4.0725,Valdemorillo
64,6048,84.88.18.254,13041,84.88.0.0/16,2001:40b0:2::2,13041,2001:40b0::/32,es,Abandoned,Yes,41.3915,2.1095,CSUC
65,6124,163.117.253.5,766,163.117.0.0/16,2001:720:410:3035:200:24ff:fed1:5dcc,766,2001:720::/32,es,Abandoned,Yes,40.3295,-3.7715,University Carlos III of Madri
66,6352,84.88.18.254,13041,84.88.0.0/16,2001:40b0:2::2,13041,2001:40b0::/32,es,Connected,Yes,41.3885,2.1095,CSUC - Consorci de Serveis Uni
67,6604,31.47.76.181,15954,31.47.72.0/21,2a01:a940:445:d::1,15954,2a01:a940::/32,es,Connected,Yes,40.4895,-3.6925,"TecnocrÃ¡tica Centro de Datos,"
68,6668,92.38.171.55,202422,92.38.171.0/24,2a03:90c0:246::2e,199524,2a03:90c0:240::/44,es,Connected,Yes,40.5815,-3.5795,G-Core Labs S.A.
69,6687,147.84.200.125,39069,147.84.0.0/16,-,-,-,es,Connected,Yes,37.9905,-1.1285,CARM - Comunidad AutÃ³noma de M
70,6732,163.117.253.5,766,163.117.0.0/16,2001:720:410:3035:200:24ff:fed1:5dcc,766,2001:720::/32,es,Abandoned,Yes,40.3285,-3.7715,UC3M
71,6819,185.22.200.38,197712,185.22.200.0/22,-,-,-,es,Disconnected,Yes,41.3515,2.1375,10dencehispahard SL
72,6926,194.156.155.241,48386,194.156.155.0/24,2a0d:5642:113:201:5054:ff:fe7c:cc09,48386,2a0d:5642:113::/48,es,Connected,Yes,40.4405,-3.6215,"Misaka Network, Inc."
73,6980,156.154.79.254,12008,156.154.79.0/24,2610:a1:3034:252::254,12008,2610:a1:3034::/48,es,Connected,Yes,40.4475,-3.5685,Neustar
74,7017,82.98.154.62,42612,82.98.128.0/18,2a02:be8:3:200:216:3eff:fe7b:2391,42612,2a02:be8::/32,es,Connected,Yes,40.4405,-3.6225,Dinahosting S.L.
75,7086,37.46.78.66,15699,37.46.72.0/21,2a00:6640:e:101::a,15699,2a00:6640::/32,es,Connected,Yes,40.5105,-3.3385,"Adam Ecotech, S.A."
76,7089,94.24.115.154,15699,94.24.112.0/20,2a01:1c8:e:101::a,15699,2a01:1c8::/32,es,Connected,Yes,41.4915,2.1215,"Adam Ecotech, S.A."
77,10055,-,-,-,-,-,-,es,Abandoned,Yes,37.9695,-1.1805,NONDUERMAS
78,10063,83.37.49.250,3352,83.37.0.0/16,-,-,-,es,Abandoned,Yes,41.5485,2.1105,-
79,10071,185.14.56.14,202054,185.14.56.0/24,-,-,-,es,Abandoned,Yes,39.5175,-0.4695,VALENCIA
80,10072,89.141.136.226,6739,89.141.128.0/17,-,-,-,es,Abandoned,Yes,37.9685,-1.2095,ALCANTARILLA
81,10237,110.93.9.201,35699,110.93.8.0/22,-,-,-,es,Connected,Yes,41.3905,2.1685,Hemma BCN
82,10268,-,3352,195.77.0.0/16,-,-,-,es,Abandoned,No,41.6515,-0.9795,CPD
83,10809,-,-,-,-,-,-,es,Abandoned,Yes,41.2715,1.9975,Castelldefels home (Vodafone)
84,10820,146.158.161.35,12715,146.158.128.0/17,-,-,-,es,Abandoned,Yes,40.4175,-3.7015,Rivas Vaciamadrid
85,10836,213.162.201.210,13287,213.162.200.0/22,2a02:23a0:1111:14::2,13287,2a02:23a0::/32,es,Connected,Yes,39.5205,-0.4715,NIXVAL IP v3 R5
86,10907,164.138.200.8,198653,164.138.200.0/21,-,-,-,es,Abandoned,Yes,28.1105,-15.4225,CiTEC SL
87,10939,80.39.159.242,3352,80.39.0.0/16,-,-,-,es,Abandoned,Yes,28.0715,-15.4515,Manolopm
88,10946,147.161.111.29,35699,147.161.64.0/18,-,-,-,es,Abandoned,Yes,41.4105,2.1995,MXM - Connection
89,11124,79.116.129.148,57269,79.116.0.0/15,2a0c:5a80:390d:5200:fa1a:67ff:fe4d:88d9,57269,2a0c:5a80::/29,es,Connected,Yes,28.0095,-16.6515,Elmi's home probe TF
90,11559,-,-,-,-,-,-,es,Abandoned,Yes,40.4715,0.4795,guifi.net-VNRCentre
91,11598,109.69.8.210,49835,109.69.8.0/24,2a00:1508::210,49835,2a00:1508::/32,es,Abandoned,Yes,41.3515,2.1415,guifi.net Foundation www.guifi
92,11600,217.14.37.6,30892,217.14.32.0/20,2a02:aa8:0:2001:fa1a:67ff:fe4d:82e0,30892,2a02:aa8::/29,es,Connected,Yes,41.4775,2.1075,DTGBSI-CRD
93,11602,217.14.37.38,30892,217.14.32.0/20,2a02:aa8:0:2000:fa1a:67ff:fe4d:87ce,30892,2a02:aa8::/29,es,Connected,Yes,41.3985,2.1875,DTGBSI-22A
94,11620,185.224.76.192,202766,185.224.76.0/24,-,-,-,es,Abandoned,Yes,37.4375,-4.2015,Priego de CÃ³rdoba
95,11652,-,-,-,-,-,-,es,Abandoned,Yes,43.3085,-2.8905,-
96,11749,84.88.81.123,13041,84.88.0.0/16,-,-,-,es,Connected,Yes,41.3915,2.1095,-
97,11906,-,206886,185.172.98.0/24,-,-,-,es,Abandoned,No,39.5105,-0.3625,-
98,11916,80.173.213.110,12357,80.173.208.0/21,-,-,-,es,Abandoned,Yes,39.4705,-0.3825,-
99,11933,-,12479,85.62.128.0/19,-,-,-,es,Abandoned,No,40.4185,-3.7015,ADSL GINET
100,11940,139.47.78.99,15704,139.47.0.0/17,-,-,-,es,Abandoned,Yes,40.4175,-3.7005,-
101,11948,-,57269,86.127.224.0/19,-,57269,2a0c:5a80::/29,es,Connected,No,40.4315,-3.7205,Home Fiber
102,11955,-,12430,77.224.0.0/13,-,-,-,es,Disconnected,No,41.6295,-4.7405,Sonda-Orange
103,11958,-,15704,82.213.192.0/20,-,-,-,es,Connected,No,39.4515,-0.3905,-
104,12006,193.0.10.252,3333,193.0.10.0/23,2001:67c:2e8:13:a2f3:c1ff:fec4:3fc5,3333,2001:67c:2e8::/48,es,Abandoned,Yes,40.4405,-3.8225,-
105,12008,-,-,-,-,-,-,es,Abandoned,Yes,39.5415,-0.3625,ONO HFC
106,12153,-,12479,149.74.92.0/22,-,-,-,es,Connected,No,40.4385,-3.8205,Alfredos
107,12170,217.18.40.3,15954,217.18.32.0/20,2a01:a940:7766:0:fa1a:67ff:fe4d:6fee,15954,2a01:a940::/32,es,Connected,Yes,40.4875,-3.6895,Salvatierra
108,12257,-,12430,46.24.0.0/14,-,-,-,es,Abandoned,No,42.4705,-2.4505,-
109,12342,-,-,-,-,-,-,es,Abandoned,Yes,39.9285,-0.1005,-
110,12364,85.54.112.141,12479,85.54.112.0/22,-,-,-,es,Connected,Yes,41.3895,2.1805,KEVINPROBE
111,12884,83.58.34.242,3352,83.58.0.0/16,-,-,-,es,Connected,Yes,41.6395,-4.7385,MTU Sistemas Orange FTTH
112,12886,87.223.214.253,12715,87.223.0.0/16,-,-,-,es,Abandoned,Yes,41.7305,-4.6485,Angel_Jazztel
113,13090,192.148.201.131,766,192.148.201.0/24,-,-,-,es,Abandoned,Yes,40.4175,-3.6985,RedIRIS probe
114,13096,213.192.238.59,8903,213.192.238.0/24,-,-,-,es,Abandoned,Yes,40.5105,-3.6685,As12541 ATLAS probe
115,13194,-,12430,62.83.0.0/16,-,-,-,es,Abandoned,No,40.4595,-3.6585,Desconectada Vodafone Error (j
116,13272,-,-,-,-,-,-,es,Never Connected,Yes,39.4985,-0.3695,-
117,13293,37.72.9.130,29119,37.72.0.0/19,-,-,-,es,Abandoned,Yes,37.8085,-0.8385,AS199344 - Amune Networks
118,13337,88.30.54.126,3352,88.30.0.0/16,-,-,-,es,Abandoned,Yes,43.3605,-5.8515,First RIPE Atlas Probe in nort
119,13379,88.4.20.17,3352,88.4.0.0/16,-,-,-,es,Disconnected,Yes,41.6415,-0.8995,-
120,13381,37.14.190.26,12479,37.14.188.0/22,-,-,-,es,Abandoned,Yes,39.4475,-0.3885,-
121,13395,-,-,-,-,-,-,es,Abandoned,Yes,36.7095,-4.6285,Sinologic.net
122,13422,-,1136,145.53.128.0/17,-,-,-,es,Abandoned,No,40.4585,-3.6915,Andrino Office Madrid
123,13438,-,-,-,-,-,-,es,Abandoned,No,38.2615,-0.7115,-
124,13461,213.162.201.26,13287,213.162.200.0/22,-,-,-,es,Abandoned,Yes,39.5175,-0.4695,NETLLAR
125,13466,79.147.1.77,3352,79.147.0.0/16,-,-,-,es,Abandoned,Yes,38.4305,-0.4795,-
126,13487,79.157.121.112,3352,79.157.0.0/16,-,-,-,es,Abandoned,Yes,42.0105,-4.5185,-
127,13552,-,-,-,-,-,-,es,Abandoned,Yes,40.3685,-3.6105,-
128,13633,-,12430,62.83.0.0/16,-,-,-,es,Abandoned,No,40.4185,-3.6915,Desconectada (jfs)
129,13678,94.76.184.125,29119,94.76.184.0/21,-,-,-,es,Abandoned,Yes,37.3315,-4.3695,Rute
130,13683,-,-,-,-,-,-,es,Abandoned,Yes,38.2585,-0.6985,-
131,13700,-,-,-,-,-,-,es,Abandoned,No,39.4675,-0.3825,-
132,13744,-,-,-,-,-,-,es,Abandoned,No,39.4795,-0.3405,-
133,13747,79.108.233.143,6739,79.108.128.0/17,-,-,-,es,Abandoned,Yes,38.9905,-0.5205,-
134,13757,-,-,-,-,-,-,es,Abandoned,Yes,43.2905,-2.8605,Virtual Optical Fiber Probe
135,13868,62.57.2.236,12357,62.57.0.0/21,-,-,-,es,Abandoned,Yes,41.3815,2.1505,made
136,13869,79.146.82.247,3352,79.146.0.0/16,-,-,-,es,Abandoned,Yes,36.6615,-4.5595,SOHO - Movistar
137,13870,62.204.197.11,15630,62.204.192.0/19,2a01:4a80:0:2500::11,15630,2a01:4a80::/32,es,Disconnected,Yes,40.4375,-3.7395,-
138,13875,-,-,-,-,-,-,es,Never Connected,Yes,37.8795,-4.7895,-
139,13876,91.192.109.145,39020,91.192.109.0/24,-,-,-,es,Abandoned,Yes,37.4805,-5.9295,-
140,13878,217.125.59.187,3352,217.125.0.0/16,-,-,-,es,Abandoned,Yes,37.3915,-6.0795,GSG-1
141,13879,-,6739,85.137.0.0/16,-,-,-,es,Abandoned,No,36.7215,-4.4195,-
142,13880,91.213.30.30,49638,91.213.30.0/24,2001:67c:137c:1:a2f3:c1ff:fec4:5e26,49638,2001:67c:137c::/48,es,Connected,Yes,41.3875,2.1115,CATNIX - Catalonia Neutral Int
143,13881,88.12.176.195,3352,88.12.0.0/16,-,-,-,es,Connected,Yes,40.3975,-3.6985,macias
144,13882,150.214.142.96,198096,150.214.0.0/16,-,-,-,es,Abandoned,Yes,37.3785,-5.9785,-
145,13889,2.153.86.165,6739,2.153.64.0/19,-,-,-,es,Abandoned,Yes,40.4215,-3.6985,Probe_v3_sandDisk-13889
146,13890,212.81.218.171,3262,212.81.128.0/17,2a03:c600:c004:1aaa:a2f3:c1ff:fec4:5f7e,3262,2a03:c600::/32,es,Abandoned,Yes,43.3375,-3.0085,Casa
147,13896,147.156.9.141,766,147.156.0.0/16,2001:720:1014:21::a:187,766,2001:720::/32,es,Connected,Yes,39.5105,-0.4185,Universitat de ValÃ¨ncia - Burj
148,14329,-,-,-,-,-,-,es,Abandoned,Yes,39.8215,-0.2315,-
149,14334,85.192.78.97,21193,85.192.78.0/24,2a00:1508:1004:0:6666:b3ff:feb0:d7ea,49835,2a00:1508::/32,es,Abandoned,Yes,41.9295,2.2485,-
150,14348,85.192.78.97,21193,85.192.78.0/24,-,-,-,es,Abandoned,Yes,41.9315,2.2495,-
151,14357,-,-,-,-,-,-,es,Abandoned,Yes,39.5705,-0.3405,Mangrana
152,14382,-,-,-,-,-,-,es,Never Connected,Yes,39.8185,-0.2285,-
153,14413,-,-,-,-,-,-,es,Abandoned,No,39.9985,-4.0025,-
154,14679,-,-,-,-,-,-,es,Never Connected,Yes,39.2115,-0.3195,-
155,14696,-,-,-,-,-,-,es,Abandoned,Yes,39.2605,-0.3185,-
156,14703,-,-,-,-,-,-,es,Never Connected,Yes,39.4685,-0.3825,-
157,14714,-,-,-,-,-,-,es,Never Connected,No,38.8395,0.1075,-
158,14715,-,-,-,-,-,-,es,Never Connected,No,39.4695,-0.3825,-
159,14757,-,-,-,-,-,-,es,Abandoned,Yes,43.2705,-2.9405,Deusto Unibertsitatea
160,14782,-,12430,148.3.0.0/16,-,-,-,es,Connected,No,40.4585,-3.6585,Vodafone Fibra
161,14814,-,43655,78.24.136.0/23,-,-,-,es,Connected,No,40.5995,-3.7125,-
162,14835,-,15704,82.213.192.0/19,-,-,-,es,Abandoned,No,40.4195,-3.7015,-
163,14842,31.4.241.125,12430,31.4.0.0/16,-,-,-,es,Connected,Yes,40.4185,-3.6905,-
164,14865,88.148.82.4,29119,88.148.64.0/19,-,-,-,es,Abandoned,Yes,38.2695,-0.7095,Airenetworks
165,14866,81.34.21.213,3352,81.34.0.0/16,-,-,-,es,Connected,Yes,40.5405,-3.6495,Valeriano
166,14921,62.99.0.45,12338,62.99.0.0/17,-,-,-,es,Abandoned,Yes,43.1275,-2.0715,Euskaltel Cable TOLOSA
167,15082,83.63.54.178,3352,83.63.0.0/16,-,-,-,es,Abandoned,Yes,37.3885,-5.9785,-
168,15085,-,12715,188.78.0.0/16,-,3333,2001:67c:2e8::/48,es,Abandoned,No,40.2895,-4.5885,-
169,15103,-,-,-,-,-,-,es,Never Connected,Yes,43.3285,-3.0225,-
170,15108,-,-,-,-,-,-,es,Never Connected,Yes,40.4415,-3.6225,-
171,15116,-,-,-,-,-,-,es,Abandoned,No,39.4905,-0.3925,-
172,15117,-,-,-,-,-,-,es,Abandoned,No,39.2605,-0.3225,-
173,15118,80.39.153.88,3352,80.39.0.0/16,-,-,-,es,Connected,Yes,40.4515,-3.6725,ripeprobe
174,15124,-,-,-,-,-,-,es,Abandoned,Yes,43.2595,-2.9215,-
175,15127,-,-,-,-,-,-,es,Never Connected,Yes,39.5405,-0.3515,-
176,15161,-,-,-,-,-,-,es,Never Connected,Yes,40.3675,-3.6395,-
177,15186,-,-,-,-,-,-,es,Abandoned,No,39.4705,-0.3385,-
178,15191,-,-,-,-,-,-,es,Never Connected,No,40.3575,0.4015,-
179,15193,-,-,-,-,-,-,es,Never Connected,Yes,39.4685,-0.3385,-
180,15194,-,-,-,-,-,-,es,Never Connected,No,40.4895,0.0215,-
181,15618,88.19.133.154,3352,88.19.0.0/16,2001:470:cacf::20,6939,2001:470::/32,es,Disconnected,Yes,38.7915,0.0375,EA5DFV
182,15620,-,-,-,-,-,-,es,Never Connected,No,40.4175,-3.7015,-
183,15623,145.224.124.135,14593,145.224.124.0/22,fdeb:851d:b7ff:0:6666:b3ff:feb0:aafa,-,-,es,Disconnected,Yes,42.8885,-4.9615,Valeriano (Prioro)
184,15628,-,-,-,-,-,-,es,Abandoned,Yes,40.4415,-3.6515,-
185,15632,83.43.248.213,3352,83.43.0.0/16,-,-,-,es,Connected,Yes,41.4685,2.0885,-
186,15649,185.160.228.140,201453,185.160.228.0/24,-,-,-,es,Abandoned,Yes,40.4415,-3.6205,AKIWIFI Interxion Madrid (II)
187,15672,-,-,-,-,-,-,es,Abandoned,No,40.3885,-3.7395,-
188,15674,79.146.136.235,3352,79.146.0.0/16,-,-,-,es,Abandoned,Yes,40.4395,-3.8195,-
189,15773,83.33.118.54,3352,83.33.0.0/16,-,-,-,es,Abandoned,Yes,43.2985,-2.0095,-
190,15873,185.107.105.215,200434,185.107.105.0/24,-,-,-,es,Connected,Yes,41.9285,2.2605,viladelpingui.net
191,15879,185.36.209.255,62412,185.36.208.0/22,-,-,-,es,Abandoned,Yes,38.0815,-1.2695,SpainWISP - BGP Fiber Core
192,16148,185.44.232.12,202198,185.44.232.0/22,-,-,-,es,Abandoned,Yes,36.1915,-5.4305,hercom
193,16164,-,3352,2.139.0.0/16,-,-,-,es,Abandoned,No,39.4695,-6.3795,-
194,16282,-,-,-,-,-,-,es,Never Connected,Yes,39.4685,-0.3785,-
195,16534,62.174.184.194,12430,62.174.128.0/17,-,-,-,es,Abandoned,Yes,41.3895,2.1685,"ADSL connection, upload 1Mbps,"
196,16619,-,3352,2.139.0.0/16,-,-,-,es,Connected,No,41.2815,1.9675,Barcelona-FTTH-Telefonica
197,16623,213.99.103.70,3352,213.99.0.0/16,2a02:9140:3900:1:6666:b3ff:fed1:167c,3352,2a02:9000::/23,es,Abandoned,Yes,40.5985,-3.5415,JPC HQ Probe 1 (TE)
198,17232,88.26.174.98,3352,88.26.0.0/16,2a01:240:fe00:8283::200,30781,2a01:240::/32,es,Abandoned,Yes,36.4185,-5.1615,"Estepona, ES"
199,17361,213.162.201.10,13287,213.162.200.0/22,2a02:23a0:1111:7::2,13287,2a02:23a0::/32,es,Abandoned,Yes,39.5175,-0.4695,NIXVAL IP v3 R4
200,17365,185.29.68.60,199952,185.29.68.0/23,2a04:41c0:2:0:6666:b3ff:fec5:4d2,199952,2a04:41c0::/29,es,Abandoned,Yes,37.9795,-0.6895,Probe 1
201,17947,-,-,-,-,-,-,es,Abandoned,Yes,40.4605,-3.7005,TP-Link MR3020
202,18234,81.89.33.250,25285,81.89.32.0/20,-,-,-,es,Abandoned,Yes,40.4895,-3.6615,BOE
203,18273,46.29.48.48,51718,46.29.48.0/22,-,-,-,es,Connected,Yes,40.5285,-3.6595,HyD Acens
204,18292,-,12479,85.57.168.0/22,-,6939,2001:470::/32,es,Abandoned,No,41.6185,-4.7385,MTU Sistemas VPN - Orange
205,18298,185.32.136.30,16030,185.32.136.0/22,-,-,-,es,Abandoned,Yes,41.1415,1.2215,ASPWIFI
206,18311,194.140.3.194,3324,194.140.0.0/20,-,-,-,es,Abandoned,Yes,40.4575,-3.8125,FUJITSU SPAIN
207,18325,-,29119,185.237.215.0/24,-,-,-,es,Connected,No,37.9795,-1.1315,Atlas Probe
208,18417,-,-,-,-,-,-,es,Abandoned,No,42.0105,-4.5325,-
209,18442,5.1.38.250,198731,5.1.32.0/21,-,-,-,es,Abandoned,Yes,42.1185,3.1295,-
210,18503,-,12479,85.57.168.0/22,-,6939,2001:470::/32,es,Abandoned,No,41.4485,-4.6725,MTU Los Arcos
211,18530,185.210.246.23,205645,185.210.244.0/22,-,-,-,es,Abandoned,Yes,41.6275,2.5685,Balta
212,18538,87.222.108.89,12715,87.222.0.0/16,-,-,-,es,Abandoned,Yes,41.6515,-4.7515,Casa Merche
213,18565,88.28.7.184,3352,88.28.0.0/16,-,-,-,es,Disconnected,Yes,41.6395,-4.7395,Orange 4G
214,18630,-,12357,77.224.0.0/13,-,-,-,es,Abandoned,No,40.3975,-3.6815,-
215,18632,37.132.68.58,12715,37.132.0.0/16,-,-,-,es,Abandoned,Yes,41.6585,-4.7115,Residencia MelÃ©ndez
216,18633,83.58.29.180,3352,83.58.0.0/16,-,-,-,es,Abandoned,Yes,41.6485,-4.7115,IES Galileo de Valladolid
217,18651,194.30.80.81,3262,194.30.0.0/17,-,-,-,es,Connected,Yes,40.6775,-3.6205,Sanagus
218,18654,81.202.62.32,6739,81.202.0.0/17,-,-,-,es,Abandoned,Yes,39.5195,-0.4705,Abansys & Hostytec
219,18670,-,6739,81.184.0.0/16,-,-,-,es,Abandoned,No,41.5675,2.0105,-
220,18709,41.72.96.145,37154,41.72.96.0/19,-,-,-,es,Abandoned,Yes,40.3415,-3.7725,-
221,18801,88.3.120.87,3352,88.3.0.0/16,2a02:9140:5280:0:ea94:f6ff:fe48:57f0,3352,2a02:9000::/23,es,Connected,Yes,40.3975,-3.7225,AS3352 Probe v3
222,18802,-,15450,194.69.248.0/24,-,-,-,es,Abandoned,No,40.4385,-3.6325,ALHAMBRA EIDOS
223,18833,212.230.14.83,15704,212.230.0.0/15,-,-,-,es,Connected,Yes,41.5885,-4.7315,J5 Network
224,18844,2.136.61.132,3352,2.136.0.0/16,-,-,-,es,Connected,Yes,40.5695,-3.5905,JP CEREZO Seminario SRM
225,18866,-,3352,81.37.0.0/16,-,-,-,es,Abandoned,No,40.4205,-3.6995,WiFi - COMUNICACIONES-TEST
226,19286,46.28.161.253,199312,46.28.161.0/24,-,-,-,es,Abandoned,Yes,38.2905,-0.5885,Megavista Online WISP
227,19292,92.43.224.105,44431,92.43.224.0/21,-,-,-,es,Disconnected,Yes,39.6285,2.6315,OAAtlas1
228,19353,79.99.214.118,42666,79.99.208.0/21,-,-,-,es,Abandoned,Yes,41.6485,-0.8905,-
229,19379,150.241.128.202,766,150.241.0.0/16,-,-,-,es,Abandoned,Yes,43.3315,-2.9895,ss-miramon-prb1
230,19616,87.222.109.59,12715,87.222.0.0/16,-,-,-,es,Abandoned,Yes,41.5805,-4.7125,HispaHosted_Jazztel_ADSL
231,19718,185.4.94.15,59682,185.4.92.0/22,-,-,-,es,Abandoned,Yes,40.3715,-3.6425,iA-N
232,19860,83.97.176.172,12946,83.97.128.0/17,-,-,-,es,Abandoned,Yes,43.5275,-5.6795,Atlas Atlantic
233,19875,-,3352,88.6.0.0/16,-,-,-,es,Abandoned,No,40.4195,-3.6995,-
234,19882,82.159.116.41,6739,82.159.0.0/16,fd1f:5e42:94c7:0:c24a:ff:fecc:9e54,-,-,es,Connected,Yes,40.3785,-3.5385,-
235,20061,-,15704,212.230.0.0/15,-,-,-,es,Abandoned,No,41.5575,2.0005,-
236,20136,31.214.188.39,57910,31.214.188.0/24,-,-,-,es,Connected,Yes,39.6005,2.6785,-
237,20207,185.41.96.38,208909,185.41.96.0/24,2a01:57a0:466:a500:c24a:ff:fecc:9be0,49835,2a01:57a0::/32,es,Abandoned,Yes,41.9805,2.1675,Osofon.com SBG
238,20395,149.74.134.12,12479,149.74.134.0/24,-,-,-,es,Connected,Yes,41.5095,2.2415,Family home
239,20399,85.52.65.170,12479,85.52.64.0/22,-,-,-,es,Abandoned,Yes,41.5915,2.5815,Brutalsys (Barcelona)
240,20597,217.18.160.149,42220,217.18.160.0/24,-,-,-,es,Abandoned,Yes,37.1705,-3.6685,ZREE TELECOM
241,20711,80.80.88.159,34760,80.80.88.0/22,-,-,-,es,Connected,Yes,41.4075,2.1675,es.n2000
242,20741,81.0.6.138,15704,81.0.0.0/20,-,-,-,es,Abandoned,Yes,41.5175,2.2395,Martorelles Home
243,20757,82.116.160.225,12319,82.116.160.0/19,-,-,-,es,Connected,Yes,43.2905,-1.9805,IZFE Atlas probe
244,20826,81.202.61.161,12357,81.202.56.0/21,-,-,-,es,Abandoned,Yes,39.4605,-0.3815,KD-Home
245,21251,-,3352,195.55.0.0/16,-,-,-,es,Abandoned,No,40.7275,-4.0705,Residencia Cercedilla BDE
246,21271,-,15704,178.237.232.0/21,-,-,-,es,Connected,No,39.4475,-0.3695,-
247,21314,77.231.230.243,12357,77.224.0.0/13,-,-,-,es,Abandoned,Yes,37.1795,-3.6025,-
248,21389,95.16.76.158,12479,95.16.72.0/21,-,-,-,es,Abandoned,Yes,40.4215,-3.6785,-
249,21537,2.137.8.56,3352,2.137.0.0/16,-,-,-,es,Connected,Yes,28.0905,-16.7215,MOVISTAR FTTH - Tenerife Sur -
250,21570,88.148.103.98,29119,88.148.96.0/21,-,-,-,es,Connected,Yes,37.3475,-5.2295,FuenLan.es
251,21665,-,12430,46.24.0.0/14,-,-,-,es,Connected,No,40.4595,-3.6595,Madrid Arturo Soria
252,21685,-,766,193.144.0.0/14,-,766,2001:720::/32,es,Abandoned,No,40.3295,-3.7685,Probe Leganes
253,21729,-,12479,188.78.28.0/22,-,-,-,es,Abandoned,No,41.6515,-4.7215,-
254,22206,80.31.204.8,3352,80.31.0.0/16,-,-,-,es,Abandoned,Yes,40.3105,-3.7325,Getafe PROBE ATLAS
255,22231,84.89.138.18,13041,84.89.128.0/17,-,-,-,es,Abandoned,Yes,41.3975,2.1885,Prove located at UPF IT campus
256,22291,185.84.116.3,212578,185.84.116.0/24,-,-,-,es,Abandoned,Yes,41.6475,-0.8885,probe.aragon.net
257,22309,81.43.252.86,3352,81.43.0.0/16,fd00::eade:27ff:fe69:c6a2,-,-,es,Connected,Yes,40.4015,-3.7225,-
258,22338,79.116.53.246,57269,79.116.0.0/15,-,-,-,es,Connected,Yes,40.4815,-3.6315,GonDors
259,22588,83.54.81.9,3352,83.54.0.0/16,-,-,-,es,Abandoned,Yes,27.8515,-15.4485,Nguerigne-LTE
260,22806,185.132.136.69,203457,185.132.136.0/23,-,-,-,es,Connected,Yes,41.2805,1.9875,ICFO
261,22995,212.36.84.170,15699,212.36.64.0/19,-,-,-,es,Abandoned,Yes,41.3495,2.1415,-
262,23120,-,61408,5.56.0.0/22,-,61408,2a03:30c0::/32,es,Connected,No,39.2575,-0.4715,Ago Telecom
263,23179,149.126.32.23,197991,149.126.32.0/20,-,-,-,es,Abandoned,Yes,40.2915,-3.4495,Hispasat Probe
264,23204,-,-,-,-,-,-,es,Never Connected,Yes,40.4195,-3.8025,AS2134-La Finca-Madrid
265,23208,217.216.106.1,6739,217.216.0.0/15,-,-,-,es,Abandoned,Yes,36.7115,-6.1125,TP-LINK T-MR3020
266,23234,83.45.239.88,3352,83.45.0.0/16,-,-,-,es,Abandoned,Yes,40.5095,-3.6715,nxdomain
267,23267,176.58.8.10,57656,176.58.8.0/24,-,-,-,es,Abandoned,Yes,42.1705,-8.6895,ALTIA-probe
268,23268,194.143.201.28,8311,194.143.200.0/22,-,-,-,es,Connected,Yes,41.6515,-0.8895,atlas.zgz.redestel.net
269,23280,194.140.178.163,6739,194.140.128.0/18,-,-,-,es,Abandoned,Yes,37.2275,-3.6285,OneRED Telecom - Granada
270,23318,185.6.6.222,199652,185.6.6.0/24,-,-,-,es,Connected,Yes,38.8515,0.0075,Vergel
271,23333,83.58.60.65,3352,83.58.0.0/16,-,-,-,es,Connected,Yes,41.5785,-3.0715,Uxama
272,23337,31.14.60.6,200555,31.14.60.0/24,-,-,-,es,Abandoned,Yes,28.4005,-16.5415,WiFi Canarias
273,23374,88.19.80.143,3352,88.19.0.0/16,-,-,-,es,Abandoned,Yes,36.5195,-5.0495,OneRED Telecom - Malaga
274,23391,79.108.154.39,6739,79.108.128.0/17,-,-,-,es,Abandoned,Yes,39.1875,-0.4985,Wifeando FTTH1 network
275,23581,185.107.160.40,203641,185.107.160.0/24,-,-,-,es,Connected,Yes,37.5375,-6.0585,Guillena WiFi
276,23676,87.218.203.218,12715,87.218.0.0/16,-,-,-,es,Abandoned,Yes,40.4405,-3.6295,Madrid
277,23681,91.117.6.219,12334,91.117.0.0/18,-,-,-,es,Abandoned,Yes,43.3475,-8.4285,-
278,23684,192.148.167.11,3262,192.148.167.0/24,-,-,-,es,Abandoned,Yes,43.2795,-2.8585,Sarenet trunk
279,23685,91.126.38.115,35699,91.126.36.0/22,-,-,-,es,Connected,Yes,41.3895,2.2015,"Barcelona MAPFRE Tower, ExoCli"
280,23686,90.161.204.253,12479,90.160.0.0/12,2001:470:7855:effe:16cc:20ff:fef8:8c36,6939,2001:470::/32,es,Connected,Yes,36.7205,-4.3785,GSSI CASA
281,23687,212.36.67.3,15699,212.36.64.0/19,-,-,-,es,Abandoned,Yes,41.4105,2.1715,Adam
282,23700,150.214.58.156,198096,150.214.0.0/16,-,-,-,es,Abandoned,Yes,36.7175,-4.4225,RedIRIS
283,23702,85.84.129.114,12338,85.84.0.0/16,-,-,-,es,Abandoned,Yes,43.3385,-3.0125,Euskaltel cable
284,23802,-,34285,217.12.24.0/22,-,-,-,es,Abandoned,No,37.3685,-6.0425,-
285,23856,80.32.137.56,3352,80.32.0.0/16,-,-,-,es,Abandoned,Yes,40.4205,-3.7005,-
286,23861,-,3352,83.61.0.0/16,-,-,-,es,Abandoned,No,28.0975,-15.4095,-
287,23912,-,3352,2.139.0.0/16,-,-,-,es,Abandoned,No,28.1085,-15.4225,-
288,23925,79.152.135.112,3352,79.152.0.0/16,-,-,-,es,Abandoned,Yes,40.4195,-3.7015,-
289,23944,83.42.86.125,3352,83.42.0.0/16,-,-,-,es,Abandoned,Yes,43.0095,-7.5605,-
290,24086,79.116.18.229,57269,79.116.0.0/15,-,-,-,es,Connected,Yes,40.4905,-3.6885,MEYTEL-LEZ
291,24144,84.127.39.186,6739,84.127.0.0/16,-,-,-,es,Abandoned,Yes,38.6095,-0.9405,-
292,24146,31.25.214.138,16349,31.25.208.0/21,-,-,-,es,Abandoned,Yes,40.4205,-3.7005,-
293,24148,-,20648,212.34.128.0/19,-,-,-,es,Abandoned,No,40.4215,-3.7005,-
294,24175,81.47.176.43,3352,81.47.0.0/16,-,-,-,es,Abandoned,Yes,40.5195,-3.3395,Atlas probe @ Tuenti transit A
295,24195,-,198432,5.2.88.0/21,-,-,-,es,Abandoned,No,40.3995,-3.6785,-
296,24384,185.83.160.200,201105,185.83.160.0/24,-,-,-,es,Abandoned,Yes,37.8895,-4.7785,INTERSUR
297,24385,212.92.38.85,24592,212.92.32.0/19,-,-,-,es,Connected,Yes,41.3895,2.1715,NEXICA
298,24436,85.192.65.12,21193,85.192.64.0/21,-,-,-,es,Abandoned,Yes,41.4005,2.1385,XTEC Probe
299,24812,185.112.76.3,201453,185.112.76.0/22,-,-,-,es,Abandoned,Yes,40.4385,-3.6225,AKIWIFI Interxion Madrid
300,24814,-,6739,85.251.0.0/16,-,-,-,es,Abandoned,No,41.6495,-0.8925,Gigas
301,24815,-,45037,109.70.132.0/22,-,-,-,es,Abandoned,No,40.4395,-3.6325,-
302,24829,-,3352,80.32.0.0/16,-,-,-,es,Abandoned,No,41.6815,-0.8915,SN: 214A031003219 v1.9
303,24830,-,50926,84.246.208.0/21,-,-,-,es,Connected,No,39.5175,-0.4715,Infortelecom
304,24852,91.126.133.34,35699,91.126.128.0/21,-,-,-,es,Abandoned,Yes,41.3985,2.1995,BCN - ip_fija
305,24872,-,6739,213.37.0.0/16,-,-,-,es,Abandoned,No,40.4185,-3.5295,-
306,24877,83.43.229.103,3352,83.43.0.0/16,-,-,-,es,Abandoned,Yes,42.3405,-3.6995,-
307,24943,83.42.52.222,3352,83.42.0.0/16,-,-,-,es,Abandoned,Yes,40.4185,-3.7005,-
308,24979,85.112.12.164,23148,85.112.0.0/20,-,-,-,es,Abandoned,Yes,40.4215,-3.6995,EAM1
309,24997,77.83.124.173,200738,77.83.124.0/22,-,-,-,es,Abandoned,Yes,38.6405,-0.8685,"Interfibra Telecomunicaciones,"
310,25271,79.148.239.209,3352,79.148.0.0/16,-,-,-,es,Abandoned,Yes,41.3975,2.1905,-
311,25336,78.202.118.95,12322,78.192.0.0/11,2a01:e34:eca7:65f0:c66e:1fff:fe5b:b250,12322,2a01:e34::/32,es,Abandoned,Yes,40.4305,-3.6815,-
312,25869,-,198381,141.105.162.0/23,-,-,-,es,Abandoned,No,40.4215,-3.6995,YahClick Madrid
313,26043,-,-,-,-,-,-,es,Never Connected,Yes,38.0785,-1.2705,Borecom (Core)
314,26072,79.145.127.11,3352,79.145.0.0/16,-,-,-,es,Connected,Yes,36.6185,-4.5095,-
315,26619,81.0.3.102,15704,81.0.0.0/20,-,-,-,es,Connected,Yes,41.3915,2.1375,CFL - Connection
316,26640,85.53.93.161,12479,85.53.92.0/22,-,-,-,es,Abandoned,Yes,41.3875,2.1695,-
317,26659,91.201.132.8,44278,91.201.132.0/22,-,-,-,es,Abandoned,Yes,37.2115,-3.6305,Granacable
318,26702,213.97.111.156,3352,213.97.0.0/16,-,-,-,es,Abandoned,Yes,41.5385,2.4475,Coworking Xammar
319,26779,176.84.53.33,3352,176.84.0.0/16,-,-,-,es,Abandoned,Yes,41.6315,0.9005,-
320,26782,83.37.213.87,3352,83.37.0.0/16,-,-,-,es,Abandoned,Yes,40.4585,-3.4785,-
321,27073,188.127.191.254,15704,188.127.160.0/19,-,-,-,es,Connected,Yes,40.3385,-3.7495,ZARZAQUEMADA
322,27076,86.127.245.157,57269,86.127.224.0/19,2a0c:5a80:f109:1c00:c66e:1fff:fe5b:ef26,57269,2a0c:5a80::/29,es,Disconnected,Yes,40.3405,-3.7795,POZADELAGUA
323,27172,-,15704,46.6.64.0/19,-,-,-,es,Abandoned,No,41.5385,2.4405,casa
324,27264,-,49940,95.215.121.0/24,-,-,-,es,Abandoned,No,41.3795,2.1505,FIRA DE BARCELONA
325,27311,194.99.104.21,9009,194.99.104.0/24,-,-,-,es,Abandoned,Yes,41.3775,2.1175,"WiNDy - Barcelona, Spain"
326,27388,185.234.185.59,200845,185.234.185.0/24,-,-,-,es,Connected,Yes,36.5015,-4.7185,MÃ¼ller
327,27843,-,3348,185.81.132.0/24,-,-,-,es,Abandoned,No,40.0485,-4.2105,-
328,27848,185.185.92.3,206488,185.185.92.0/24,2a0b:5081:17:8:f6f2:6dff:fe5d:ce06,43402,2a0b:5080::/29,es,Abandoned,Yes,38.0115,-1.1505,Home Probe
329,27863,-,-,-,-,-,-,es,Never Connected,Yes,41.9485,2.8005,Base42 Probe
330,28426,-,-,-,-,-,-,es,Never Connected,Yes,38.6505,0.0485,Calpe
331,28445,83.165.120.145,12334,83.165.64.0/18,-,-,-,es,Abandoned,Yes,42.8595,-8.6505,Private House (AMTA)
332,28761,185.123.204.47,5505,185.123.204.0/24,2a03:9320::20,5505,2a03:9320::/32,es,Connected,Yes,39.5175,-0.4695,VADAVO (VALENCIA) - AS5505
333,28941,-,6739,81.61.0.0/16,-,-,-,es,Abandoned,No,40.4175,-3.6805,-
334,28955,-,60273,185.10.82.0/24,-,-,-,es,Abandoned,No,41.8495,3.0995,Dead
335,29333,83.55.226.206,3352,83.55.0.0/16,-,-,-,es,Connected,Yes,40.9485,-5.6615,ALOJALIA SAL2
336,29416,-,3352,79.145.0.0/16,-,-,-,es,Abandoned,No,40.9805,-5.6525,ALOJALIA MAD-LOST
337,29491,185.72.0.14,200845,185.72.0.0/24,-,-,-,es,Connected,Yes,36.7775,-4.1085,Atlas Probe at ELECTROVIDEO VE
338,29707,-,-,-,-,-,-,es,Never Connected,No,37.4905,-5.9425,Abydos
339,29725,185.161.96.245,205697,185.161.96.0/24,2a0b:ef00::96:245,205697,2a0b:ef00::/32,es,Connected,Yes,40.4395,-3.6215,ALOJALIA CPD1
340,29762,-,57269,188.26.208.0/21,-,57269,2a0c:5a80::/30,es,Abandoned,No,40.4285,-3.7195,-
341,29823,89.38.19.122,34977,89.38.19.0/24,-,-,-,es,Connected,Yes,39.4885,-0.3615,-
342,30039,81.34.95.210,3352,81.34.0.0/16,2a02:9140:3900:0:ee08:6bff:fe73:4028,3352,2a02:9000::/23,es,Connected,Yes,40.6115,-3.5415,JPC HQ Probe 1 (TE)
343,30040,37.15.50.252,12479,37.15.48.0/22,2001:470:1f1d:26b:ee08:6bff:fe73:26dc,6939,2001:470::/32,es,Abandoned,Yes,41.3975,2.2095,"Barcelona Poble Nou, Thias' Ho"
344,30052,91.126.233.95,35699,91.126.232.0/21,-,-,-,es,Abandoned,Yes,41.6085,0.6195,LLD - Oficina
345,30064,-,35699,91.126.36.0/22,-,-,-,es,Abandoned,No,41.3995,2.1705,-
346,30072,85.118.242.83,35171,85.118.242.0/24,-,-,-,es,Abandoned,Yes,40.4185,-3.6995,Petit Palace Plaza Malaga - AD
347,30075,213.229.153.46,8220,213.229.128.0/18,-,-,-,es,Abandoned,Yes,41.3895,2.1705,-
348,30089,-,15734,88.84.64.0/19,-,-,-,es,Abandoned,No,40.5415,-3.6385,-
349,30095,91.126.75.129,35699,91.126.74.0/23,-,-,-,es,Abandoned,Yes,37.3495,-6.0485,SEV - Oficina
350,30313,185.67.112.140,59908,185.67.112.0/22,-,-,-,es,Abandoned,Yes,39.4385,-0.3725,BalaLink probe at Islalink FSL
351,30314,-,59908,185.67.112.0/22,-,-,-,es,Abandoned,No,40.4195,-3.6825,-
352,30356,81.34.91.244,3352,81.34.0.0/16,2a02:9140:3900:0:ee08:6bff:fe73:418a,3352,2a02:9000::/23,es,Abandoned,Yes,40.6005,-3.5005,JPC HQ Probe 2 (Vodafone)
353,30381,83.51.72.174,3352,83.51.0.0/16,-,-,-,es,Connected,Yes,41.3775,2.1415,CFL - Parents House
354,30385,95.121.255.65,3352,95.121.0.0/16,-,-,-,es,Abandoned,Yes,40.3995,-3.6885,MakeSpace Madrid
355,30392,81.34.62.153,3352,81.34.0.0/16,2a02:9140:3880:2b00:a62b:b0ff:fee0:145e,3352,2a02:9000::/23,es,Connected,Yes,40.5585,-3.6485,Movistar service
356,30438,62.174.86.114,6739,62.174.0.0/17,-,-,-,es,Abandoned,Yes,40.4215,-3.7115,Hotel Indigo Madrid Gran Via
357,30474,-,3352,2.139.0.0/16,-,-,-,es,Abandoned,No,41.3895,2.1605,-
358,30479,195.77.191.73,3352,195.77.0.0/16,-,-,-,es,Connected,Yes,40.4315,-3.6995,Petit Palace Santa Barbara
359,30689,-,57269,86.127.224.0/19,-,-,-,es,Connected,No,40.4115,-3.6085,-
360,30698,185.41.96.25,208909,185.41.96.0/24,-,-,-,es,Abandoned,Yes,41.9315,2.2515,Goufone Botiga Vic
361,30705,188.26.209.6,57269,188.26.208.0/21,2a0c:5a80:8006:2200:ee08:6bff:fe73:4104,57269,2a0c:5a80::/29,es,Abandoned,Yes,40.3595,-3.5225,TL-MR3020
362,30722,77.246.182.70,43578,77.246.182.0/24,-,-,-,es,Abandoned,Yes,41.3485,2.1285,bitNAP
363,30745,212.121.225.225,16030,212.121.225.0/24,-,-,-,es,Abandoned,Yes,41.7295,1.8295,ALTECOM-FIBRACAT
364,30799,-,60273,185.50.0.0/22,-,-,-,es,Abandoned,No,41.8515,3.1015,DEAD
365,31002,-,12357,84.121.0.0/20,-,-,-,es,Abandoned,No,39.2885,-0.4125,-
366,31015,185.107.106.76,200434,185.107.106.0/24,-,-,-,es,Abandoned,Yes,41.6095,2.2875,-
367,31032,46.37.96.28,52037,46.37.96.0/24,-,-,-,es,Abandoned,Yes,36.4885,-4.7315,-
368,31033,128.140.201.174,57365,128.140.201.0/24,-,-,-,es,Abandoned,Yes,41.3485,2.1185,TP-LINK TL-MR3020 AS57365
369,31097,212.15.224.91,60314,212.15.224.0/19,-,-,-,es,Abandoned,Yes,41.4005,2.1915,-
370,31155,-,3352,79.152.0.0/16,-,-,-,es,Connected,No,41.3895,2.1695,-
371,31185,212.111.96.9,198479,212.111.96.0/20,-,-,-,es,Abandoned,Yes,39.5195,-0.4685,Internet Xpress Probe
372,31427,185.110.17.85,204234,185.110.16.0/22,-,-,-,es,Connected,Yes,38.8805,-1.1115,TVAlmansa probe
373,31464,-,202125,185.247.167.0/24,-,-,-,es,Abandoned,No,37.1695,-3.6095,-
374,31469,185.57.206.95,47683,185.57.204.0/22,-,-,-,es,Abandoned,Yes,38.9715,-3.8895,NAVIGO
375,31482,5.57.24.17,199434,5.57.24.0/24,-,-,-,es,Abandoned,Yes,37.9585,-1.1885,AS199434
376,31619,-,-,-,-,-,-,es,Never Connected,No,36.8815,-2.3325,-
377,31627,37.222.58.92,12430,37.222.0.0/15,-,-,-,es,Abandoned,Yes,36.6005,-4.5515,"Lowi, Malaga"
378,31633,-,39551,83.247.136.0/24,-,-,-,es,Abandoned,No,41.3485,2.1185,CTTI Probe Old
379,31643,193.22.119.83,29680,193.22.119.0/24,-,-,-,es,Connected,Yes,41.4885,2.1395,-
380,31657,-,-,-,-,-,-,es,Never Connected,Yes,37.9905,-1.1305,CableMurcia
381,31675,90.173.99.158,12479,90.173.96.0/21,-,-,-,es,Connected,Yes,36.7195,-4.4595,UTE Probe
382,31676,93.94.101.1,13168,93.94.96.0/21,-,-,-,es,Abandoned,Yes,40.5205,-3.3395,BMN
383,31803,94.46.16.247,24768,94.46.16.0/22,-,-,-,es,Abandoned,Yes,40.4185,-3.7025,PTISP-MAD1 DATACENTER
384,32191,-,41876,185.209.192.0/24,-,-,-,es,Abandoned,No,39.2575,-0.4685,-
385,32202,188.76.101.148,12479,188.76.101.0/24,2a02:2e02:2899:b900:1ad6:c7ff:fef3:1f56,12479,2a02:2e02:2890::/4,es,Connected,Yes,36.8185,-2.5725,ALV-ALM
386,32484,-,51773,46.28.212.0/24,-,-,-,es,Abandoned,No,41.3895,2.1715,-
387,32546,90.171.116.216,12479,90.171.112.0/21,-,-,-,es,Abandoned,Yes,39.3405,-0.4705,DATOMEDIA - VALENCIA
388,32584,185.36.0.56,200845,185.36.0.0/24,-,-,-,es,Connected,Yes,36.8395,-4.6385,-
389,32615,37.134.232.231,12479,37.134.232.0/22,2001:470:c8b6:8803:1ad6:c7ff:fef3:16d2,6939,2001:470::/32,es,Connected,Yes,40.3695,-3.7625,Redparra Network rp1
390,32626,84.88.1.18,13041,84.88.0.0/16,-,-,-,es,Connected,Yes,41.3905,2.1085,CSUC - Consorci de Serveis Uni
391,32648,-,57269,79.116.0.0/15,-,57269,2a0c:5a80::/29,es,Connected,No,40.5615,-3.6305,-
392,32868,93.191.139.1,48846,93.191.136.0/21,-,-,-,es,Connected,Yes,40.5015,-3.6595,INETUM - PROBE
393,32950,80.94.5.101,39263,80.94.0.0/20,-,-,-,es,Abandoned,Yes,41.3875,2.1695,-
394,33325,90.170.150.68,12479,90.170.148.0/22,-,-,-,es,Abandoned,Yes,40.4195,-3.7015,Madrid - Orange Fiber
395,33419,31.211.186.235,198454,31.211.184.0/21,-,-,-,es,Abandoned,Yes,36.7415,-4.6125,-
396,33420,-,-,-,-,-,-,es,Never Connected,Yes,28.5175,-16.3415,Redes.net
397,33583,-,3352,80.35.0.0/16,-,-,-,es,Abandoned,No,40.4485,-3.5685,HUBARA Atlas Probe
398,33627,79.154.49.145,3352,79.154.0.0/16,-,-,-,es,Connected,Yes,41.3905,2.1685,-
399,33818,79.146.74.7,3352,79.146.0.0/16,-,-,-,es,Connected,Yes,40.2915,-3.8325,ALOJALIA MAD1
400,33930,-,12479,87.220.56.0/22,-,-,-,es,Abandoned,No,37.3975,-6.0015,-
401,33948,79.151.194.62,3352,79.151.0.0/16,-,-,-,es,Connected,Yes,39.9915,-0.0505,Movistar 300M
402,33970,92.176.148.47,12479,92.176.148.0/22,-,-,-,es,Connected,Yes,36.7275,-2.6295,PC InformÃ¡tica Las Marinas
403,33971,88.17.51.228,3352,88.17.0.0/16,fda5:250:4357:4537:1ad6:c7ff:fe29:fd38,-,-,es,Connected,Yes,39.4575,-0.3795,-
404,33981,-,6739,213.254.120.0/21,-,-,-,es,Abandoned,No,40.9475,-5.6585,ALOJALIA SAL-OLD
405,34082,83.38.83.71,3352,83.38.0.0/16,-,-,-,es,Disconnected,Yes,40.3585,-3.7585,Redparra Network rp3
406,34344,80.29.184.49,3352,80.29.0.0/16,fd1b:ff8b:476e:8279:c225:e9ff:fea8:78a4,-,-,es,Connected,Yes,40.3395,-3.8205,skgsergio@home
407,34398,185.190.176.203,206268,185.190.176.0/24,-,-,-,es,Connected,Yes,41.8215,1.8915,Guifibages GPON Connection
408,34405,188.26.196.118,57269,188.26.192.0/21,2a0c:5a81:b60a:7e00:c225:e9ff:fea8:58ea,57269,2a0c:5a80::/30,es,Abandoned,Yes,40.3095,-3.7325,-
409,34417,-,12430,77.224.0.0/13,-,-,-,es,Abandoned,No,40.6905,-3.9725,FRL-ATLAS
410,34429,66.81.188.171,15704,66.81.184.0/21,-,-,-,es,Connected,Yes,36.6015,-4.5215,Benal Probe
411,34542,-,12430,77.224.0.0/13,-,-,-,es,Disconnected,No,41.6285,-4.7405,Sonda-Vodafone
412,34629,-,201843,193.58.98.0/24,-,-,-,es,Abandoned,No,38.9415,-3.9815,Poblete
413,34664,185.154.11.154,202817,185.154.8.0/22,-,-,-,es,Connected,Yes,42.2495,3.1205,Empuriabrava - Jazztel
414,34960,83.38.85.118,3352,83.38.0.0/16,-,-,-,es,Abandoned,Yes,40.3675,-3.7595,Redparra Network rp2
415,35148,139.47.72.154,15704,139.47.0.0/17,-,-,-,es,Abandoned,Yes,40.4015,-3.6605,-
416,35310,212.3.63.1,39155,212.3.62.0/23,-,-,-,es,Abandoned,Yes,37.4375,-4.0925,Cruz de las Mujeres
417,35464,188.127.189.106,15704,188.127.160.0/19,-,-,-,es,Abandoned,Yes,40.4295,-3.6795,MAD NOC
418,35590,83.56.6.29,3352,83.56.0.0/16,-,-,-,es,Abandoned,Yes,39.4475,-0.3585,Colmar Valencia
419,35595,2.139.166.104,3352,2.139.0.0/16,-,-,-,es,Abandoned,Yes,40.4295,-3.6685,MAD-MBecerra-AMM
420,35664,212.64.161.47,12540,212.64.160.0/19,-,-,-,es,Abandoned,Yes,28.1295,-15.4395,Voxia TPLINK Probe
421,35684,-,57269,86.127.224.0/19,-,57269,2a0c:5a80::/30,es,Abandoned,No,40.3895,-3.6685,-
422,35685,-,12479,90.71.180.0/22,-,-,-,es,Connected,No,41.3995,2.1815,Barcelona - Orange fiber
423,35690,-,3352,83.35.0.0/16,-,-,-,es,Abandoned,No,40.2475,-3.8285,Casa
424,35765,95.23.219.99,12479,95.23.218.0/23,-,-,-,es,Disconnected,Yes,41.4195,2.1905,-
425,35783,84.127.209.63,6739,84.127.0.0/16,-,-,-,es,Connected,Yes,38.9885,-0.5185,-
426,50261,79.144.153.60,3352,79.144.0.0/16,-,-,-,es,Disconnected,Yes,36.7075,-4.2495,Torre de BenagalbÃ³n
427,50272,79.116.17.114,57269,79.116.0.0/15,-,-,-,es,Connected,Yes,37.2885,-5.9195,Alferez.es Ripe Atlas
428,50328,217.150.213.3,33932,217.150.213.0/24,-,-,-,es,Connected,Yes,41.6715,2.7485,home user @ Everywan
429,50584,89.128.173.57,12479,89.128.172.0/22,-,-,-,es,Abandoned,Yes,41.5495,2.1115,-
430,50594,185.23.223.105,60493,185.23.223.0/24,-,-,-,es,Abandoned,Yes,41.5595,1.9615,FICOSA INTERNATIONAL RIPE ATLA
431,50627,-,15704,82.213.224.0/19,-,-,-,es,Disconnected,No,38.6805,-4.0915,Puertollano
432,50746,83.247.144.196,39551,83.247.144.0/24,-,-,-,es,Abandoned,Yes,41.3505,2.1195,CTTI Probe
433,50874,-,8220,62.97.64.0/18,-,-,-,es,Disconnected,No,40.4195,-3.6895,-
434,50925,86.127.247.154,57269,86.127.224.0/19,-,-,-,es,Connected,Yes,40.4895,-3.8815,SigmaProbe
435,50990,-,3352,83.39.0.0/16,-,3352,2a02:9000::/23,es,Connected,No,40.4275,-3.6685,-
436,51046,-,57269,79.116.0.0/15,-,57269,2a0c:5a80::/29,es,Connected,No,39.9805,-0.0305,-
437,51056,158.109.165.53,13041,158.109.0.0/16,-,-,-,es,Connected,Yes,41.5005,2.1095,Sensor SI Comms
438,51076,-,39551,83.247.144.0/24,-,-,-,es,Abandoned,No,41.3505,2.1205,CTTI Probe
439,51265,79.150.158.173,3352,79.150.0.0/16,-,-,-,es,Connected,Yes,39.8495,3.0905,Alcudia
440,52020,-,-,-,-,-,-,es,Never Connected,No,39.9875,-0.0715,-
441,52162,88.1.128.155,3352,88.1.0.0/16,-,-,-,es,Abandoned,Yes,40.7485,-3.5995,AS3352 Probe v4
442,52511,88.8.119.252,3352,88.8.0.0/16,-,-,-,es,Connected,Yes,28.6775,-17.7725,HomeLab Probe
443,52746,-,766,138.4.0.0/16,-,766,2001:720::/32,es,Connected,No,40.4505,-3.7305,-
444,52897,-,34285,217.12.24.0/24,-,-,-,es,Connected,No,37.3905,-5.9785,Sonda RIPE RCJA
445,52969,185.49.156.25,200030,185.49.156.0/22,-,-,-,es,Connected,Yes,38.0715,-0.7495,ATLAS at local ISP
446,53229,-,3352,83.52.0.0/16,-,-,-,es,Connected,No,42.6115,-5.5915,FloProbe
447,53240,195.140.157.179,15450,195.140.157.0/24,-,-,-,es,Connected,Yes,40.4375,-3.6305,ALHAMBRA SYSTEMS
448,53322,93.176.185.146,15704,93.176.176.0/20,-,-,-,es,Abandoned,Yes,41.3985,2.1685,Tux-home
449,53339,193.254.37.203,198760,193.254.37.0/24,-,-,-,es,Abandoned,Yes,39.7315,-0.2615,-
450,53380,-,3352,2.139.0.0/16,-,-,-,es,Connected,No,40.4175,-3.6885,-
451,53386,92.189.11.204,12479,92.189.8.0/21,-,-,-,es,Disconnected,Yes,40.4905,-3.8785,Probe casa Edu
452,53390,84.124.244.88,6739,84.124.0.0/16,-,-,-,es,Connected,Yes,39.4675,-0.3785,Valencia
453,53456,79.116.55.25,57269,79.116.0.0/15,2a0c:5a84:e806:e00:1:d1ff:fe0d:5faf,57269,2a0c:5a80::/29,es,Connected,Yes,41.5605,2.0095,casa.cmos486.es
454,53528,-,12479,92.176.0.0/20,-,-,-,es,Connected,No,42.4315,-8.6415,Diferentec
455,53679,-,60609,185.77.158.0/24,-,-,-,es,Abandoned,No,40.8915,0.8005,-
456,53761,-,57269,79.116.0.0/15,-,57269,2a0c:5a80::/29,es,Connected,No,40.3275,-3.7795,-
457,53792,-,206404,185.187.68.0/22,-,-,-,es,Connected,No,40.8285,0.5115,-
458,54586,-,12430,62.174.128.0/17,-,-,-,es,Abandoned,No,40.4605,-3.7485,TEST1
459,54639,92.177.136.20,12479,92.177.136.0/22,-,-,-,es,Connected,Yes,28.6815,-17.7615,-
460,54656,88.9.33.70,3352,88.9.0.0/16,fd7c:63:9087:1:1:85ff:fe9c:5dcd,-,-,es,Abandoned,Yes,40.5005,-3.8805,-
461,55020,80.30.54.243,3352,80.30.0.0/16,-,-,-,es,Abandoned,Yes,41.5975,2.6185,Guadalupe Probe
462,55118,37.152.93.46,57910,37.152.93.0/24,-,-,-,es,Abandoned,Yes,39.5715,3.1975,SCIP Probe
463,55263,207.188.171.179,15704,207.188.168.0/21,-,-,-,es,Connected,Yes,41.3785,2.1705,"AS15704 - Spain, Barcelona, Ra"
464,55346,92.191.169.6,12479,92.191.168.0/22,-,-,-,es,Connected,Yes,40.4205,-3.7105,-
465,55420,86.127.237.86,57269,86.127.224.0/19,-,-,-,es,Connected,Yes,41.4975,2.0385,-
466,55502,84.88.154.76,13041,84.88.0.0/16,-,-,-,es,Abandoned,Yes,41.9785,2.8175,Universitat de Girona
467,55661,83.55.226.206,3352,83.55.0.0/16,-,-,-,es,Connected,Yes,40.9475,-5.6595,ALOJALIA SAL1
468,55787,79.152.112.253,3352,79.152.0.0/16,-,-,-,es,Connected,Yes,41.4105,2.1615,ekesken-home
469,60032,212.237.255.3,201153,212.237.255.0/24,-,-,-,es,Disconnected,Yes,38.7485,-0.5715,Mariola Secreta
470,60061,188.26.212.132,57269,188.26.208.0/21,2a0c:5a81:b106:ab00:da58:d7ff:fe03:77f,57269,2a0c:5a80::/29,es,Connected,Yes,40.4575,-3.7095,Sonda Madrid Franco Rodriguez
471,60133,92.185.50.153,12479,92.185.48.0/21,fd00::da58:d7ff:fe03:6bf,-,-,es,Connected,Yes,38.3585,-0.4215,-
472,60135,62.82.116.219,6739,62.82.0.0/16,-,-,-,es,Connected,Yes,27.8995,-15.7315,Casa La Cardonera
473,60319,185.50.0.3,60273,185.50.0.0/22,-,-,-,es,Connected,Yes,41.8515,3.0975,-
474,60454,-,3352,83.43.0.0/16,-,-,-,es,Connected,No,40.8095,0.5195,LA PRIMERA
475,60464,212.64.160.7,12540,212.64.160.0/19,-,-,-,es,Connected,Yes,28.1195,-15.4295,DataCenter JXXIII probe
476,60494,83.61.250.94,3352,83.61.0.0/16,2a02:9140:5100:100:da58:d7ff:fe03:717,3352,2a02:9000::/23,es,Connected,Yes,40.2495,-3.8285,Casa Humanes
477,60555,-,15704,93.176.176.0/20,-,-,-,es,Connected,No,41.3895,2.1695,-
478,60561,79.146.79.85,3352,79.146.0.0/16,-,-,-,es,Connected,Yes,40.2975,-3.8395,House probe
479,60589,193.84.93.10,209910,193.84.93.0/24,-,-,-,es,Connected,Yes,38.1215,-1.2885,Archena Mapeka
480,60610,185.105.38.144,57269,185.105.36.0/22,2a0c:5a80:c30c:1700:da58:d7ff:fe03:6d6,57269,2a0c:5a80::/29,es,Connected,Yes,40.3075,-3.7325,-
481,60629,139.47.58.40,15704,139.47.56.0/21,-,-,-,es,Connected,Yes,42.3615,-2.4815,Home
482,60653,91.117.120.198,12334,91.117.64.0/18,-,-,-,es,Disconnected,Yes,42.6485,-8.8805,-
483,60662,-,3352,88.26.0.0/16,-,-,-,es,Disconnected,No,40.4185,-3.6995,starlabs-probe
484,60668,-,-,-,-,-,-,es,Never Connected,Yes,40.4015,-3.6095,-
485,60741,-,205580,185.209.100.0/24,-,-,-,es,Connected,No,42.2375,-8.7205,-
486,60780,62.97.70.109,8220,62.97.64.0/18,-,-,-,es,Connected,Yes,40.4175,-3.6985,Probe #60780
487,60900,83.48.37.217,3352,83.48.0.0/16,-,-,-,es,Connected,Yes,40.3275,-3.7525,AT
488,60944,207.188.171.179,15704,207.188.168.0/21,-,-,-,es,Connected,Yes,41.3795,2.1695,"AS15704 - Spain, Barcelona, Ra"
489,61019,212.81.204.129,3262,212.81.128.0/17,2a03:c600:c028:101:da58:d7ff:fe03:a18,3262,2a03:c600::/32,es,Connected,Yes,43.2815,-2.0125,IBD Probe
490,61052,-,207026,185.168.104.0/22,-,-,-,es,Connected,No,41.9985,2.2795,QUOPIAM-MANLLEU
491,61201,185.59.67.186,56882,185.59.67.0/24,-,-,-,es,Connected,Yes,42.4575,-2.4625,RIPE PROBE1 - LCR
492,61357,81.32.64.14,3352,81.32.0.0/16,-,-,-,es,Connected,Yes,43.3105,-5.7005,LlangrÃ©u
493,61456,-,3352,83.54.0.0/16,-,-,-,es,Connected,No,43.3905,-5.8205,Oviedo Probe
494,61476,83.173.142.55,6739,83.173.128.0/18,-,-,-,es,Connected,Yes,42.4605,-2.4595,RIPE PROBE2 - Vodafone
495,61498,145.224.124.35,14593,145.224.124.0/22,-,-,-,es,Disconnected,Yes,40.4215,-3.6885,-
496,61531,85.55.215.60,12479,85.55.214.0/23,-,-,-,es,Connected,Yes,40.3375,-3.8515,Mi sonda RIPE de AlcorcÃ³n
497,61547,83.36.242.55,3352,83.36.0.0/16,-,-,-,es,Connected,Yes,39.9705,-4.8305,SONDA RIPE ATLAS
498,61646,188.26.214.14,57269,188.26.208.0/21,2a0c:5a80:b006:4c00:da58:d7ff:fe03:94d,57269,2a0c:5a80::/29,es,Connected,Yes,40.3405,-3.7105,-
499,61660,-,6739,81.61.0.0/16,-,-,-,es,Disconnected,No,40.3875,-3.6195,Valdebernardo
500,61719,88.5.211.155,3352,88.5.0.0/16,-,-,-,es,Connected,Yes,41.6415,-0.9325,-
501,61758,213.177.212.2,15704,213.177.208.0/21,-,-,-,es,Connected,Yes,43.3515,-8.4205,-
502,61855,-,6739,84.120.0.0/16,-,-,-,es,Connected,No,38.2695,-0.7105,Mario Networks Limited
503,62117,83.48.111.71,3352,83.48.0.0/16,-,-,-,es,Abandoned,Yes,40.4305,-3.7025,-
504,62149,87.221.61.221,12479,87.221.60.0/22,-,-,-,es,Connected,Yes,36.6015,-4.5505,-
505,62255,84.54.27.113,29119,84.54.26.0/23,-,-,-,es,Connected,Yes,37.9795,-1.1105,LosDolores
506,62301,185.219.59.2,205241,185.219.59.0/24,-,-,-,es,Connected,Yes,41.5175,0.8675,-
507,62499,-,-,-,-,62080,2001:678:310::/48,es,Connected,No,40.4315,-3.7185,AS62080 1
508,62512,109.227.144.205,15704,109.227.144.0/20,fd67:a53b:d2c4:0:da58:d7ff:fe03:445,-,-,es,Disconnected,Yes,40.6985,-3.9325,Mi vivienda
509,62588,83.52.58.182,3352,83.52.0.0/16,-,-,-,es,Connected,Yes,43.5315,-5.6685,Torre Stark
510,62669,188.214.241.206,62412,188.214.240.0/23,2a04:6c01:100:3:da58:d7ff:fe03:911,62412,2a04:6c00::/29,es,Connected,Yes,38.0815,-1.2795,-
511,62705,2.152.69.175,6739,2.152.0.0/16,-,-,-,es,Disconnected,Yes,41.3995,2.1875,Vodafone lab
512,62799,88.22.252.154,3352,88.22.0.0/16,-,-,-,es,Connected,Yes,39.5615,-0.5285,BandaAncha.eu
513,62829,77.228.23.42,12430,77.224.0.0/13,-,-,-,es,Connected,Yes,43.4615,-3.8215,Santander Probe - Spain
514,62908,-,3352,83.53.0.0/16,-,-,-,es,Connected,No,43.3815,-5.7625,Granda Siero Probe
515,62939,88.20.39.111,3352,88.20.0.0/16,-,-,-,es,Connected,Yes,38.0215,-1.1315,"Murcia, Churra"
516,63003,90.173.25.240,12479,90.173.25.0/24,fdff:552a:58b0:ba31:da58:d7ff:fe03:5b0,-,-,es,Disconnected,Yes,40.3485,-3.8325,Home
517,63047,150.241.162.249,766,150.241.128.0/17,-,-,-,es,Connected,Yes,43.2605,-2.9305,-
518,63051,-,57269,86.127.224.0/19,-,57269,2a0c:5a80::/29,es,Connected,No,38.2675,-0.5405,casa
519,63085,155.54.210.2,766,155.54.0.0/16,-,-,-,es,Connected,Yes,37.9895,-1.1185,-
520,10002,81.0.0.196,15704,81.0.0.0/18,-,-,-,es,Abandoned,Yes,40.4605,-3.7505,-
521,10006,89.128.173.57,12479,89.128.172.0/22,-,-,-,es,Abandoned,Yes,41.5475,2.1075,-
522,10006,88.9.33.70,3352,88.9.0.0/16,fd7c:63:9087:1:735d:3313:6288:fd2f,-,-,es,Abandoned,Yes,40.5015,-3.8815,jrevillas@home
523,10006,79.156.155.162,3352,79.156.0.0/16,-,-,-,es,Connected,Yes,41.3775,2.0495,nuc
524,10009,83.38.91.160,3352,83.38.0.0/16,2001:470:c997:1::4,6939,2001:470::/32,es,Disconnected,Yes,40.3775,-3.7695,-
525,10009,79.148.157.38,3352,79.148.0.0/16,-,-,-,es,Abandoned,Yes,40.1095,-3.7595,-
526,10014,88.10.28.234,3352,88.10.0.0/16,-,-,-,es,Abandoned,Yes,43.3585,-2.8495,TurrisHOme
527,10016,85.52.212.139,12479,85.52.212.0/22,fdb6:599c:6446:0:68ca:82d3:76:8afc,-,-,es,Connected,Yes,41.4885,2.1875,"MiR, Spain"
528,10018,89.129.234.71,12479,89.129.232.0/21,-,-,-,es,Connected,Yes,40.3715,-3.7685,-
529,10021,193.104.51.88,25412,193.104.51.0/24,-,-,-,es,Connected,Yes,41.3695,2.0705,-
530,10021,79.152.127.192,3352,79.152.0.0/16,fd3f:f591:ed77:10::1,-,-,es,Abandoned,Yes,41.3795,2.1705,Turris
531,10023,185.47.131.87,59432,185.47.131.0/24,-,-,-,es,Abandoned,Yes,40.4175,-3.7025,"ES MAD, AS59432 (IPv4)"
532,10024,170.253.4.111,15704,170.253.0.0/20,-,-,-,es,Connected,Yes,42.4705,-2.4615,-
533,10025,90.165.120.190,12479,90.165.120.0/22,-,-,-,es,Disconnected,Yes,39.2015,-0.3105,SoftNet
534,10029,207.188.178.52,15704,207.188.176.0/21,fd48:cb5f:904d:10::1,-,-,es,Connected,Yes,43.3115,-1.9715,-
535,10030,79.154.201.167,3352,79.154.0.0/16,-,-,-,es,Connected,Yes,41.5975,2.6215,Guadalupe
536,10035,79.116.33.145,57269,79.116.0.0/15,2a0c:5a80:9009:7c03:9aee:cbff:fe04:1a0f,57269,2a0c:5a80::/29,es,Connected,Yes,40.3875,-3.6025,GLEZCLOUD
537,10036,193.145.14.195,766,193.144.0.0/14,-,-,-,es,Connected,Yes,40.3395,-3.7685,-
538,10038,82.223.222.233,8560,82.223.0.0/16,2001:ba0:1800:80e6::1,8560,2001:ba0::/32,es,Connected,Yes,41.3875,2.1675,-
539,10038,208.85.17.65,20473,208.85.16.0/21,2a05:f480:2800:10f9:5400:3ff:fee9:be76,20473,2a05:f480:2800::/3,es,Connected,Yes,40.4215,-3.6985,Madrid - Vultr
540,10039,81.39.239.247,3352,81.39.0.0/16,2a02:9003:e5:9c:291f:c511:a7ab:d6ec,3352,2a02:9000::/23,es,Connected,Yes,43.4975,-8.1895,-
541,10040,83.41.164.175,3352,83.41.0.0/16,-,-,-,es,Connected,Yes,41.5475,2.1085,-
542,10040,188.241.61.226,43578,188.241.60.0/23,-,-,-,es,Connected,Yes,41.3495,2.1285,Bitnap Barcelona
543,10040,185.47.128.178,59432,185.47.128.0/24,2a03:c7c0:3f::1,59432,2a03:c7c0::/32,es,Connected,Yes,40.4205,-3.6915,Ginernet Madrid
544,10040,194.62.97.213,202053,194.62.96.0/22,2a04:3542:8000:1000:70c6:e5ff:feec:104b,202053,2a04:3542:8000::/3,es,Connected,Yes,40.4205,-3.6815,Upcloud Madrid
545,10040,88.3.94.7,3352,88.3.0.0/16,-,-,-,es,Abandoned,Yes,40.4015,-3.7215,AS3352 Probe software
546,10041,85.51.226.170,12479,85.51.224.0/22,-,-,-,es,Connected,Yes,41.4005,2.1905,midokura-bcn-orange
547,10041,119.15.112.244,55393,119.15.112.0/24,-,-,-,es,Connected,Yes,41.4005,2.1905,midokura-bcn-adamo
548,10041,212.64.161.167,12540,212.64.160.0/19,-,-,-,es,Connected,Yes,28.1075,-15.4385,pnimain Test probe
549,10041,212.64.161.167,12540,212.64.160.0/19,-,-,-,es,Connected,Yes,28.1115,-15.4385,pnisec Test probe
550,10042,88.24.70.121,3352,88.24.0.0/16,-,-,-,es,Connected,Yes,28.0275,-15.5025,-
551,10042,81.0.3.102,15704,81.0.0.0/20,-,-,-,es,Connected,Yes,41.3885,2.1375,-
552,10044,85.59.185.243,12479,85.59.184.0/22,fde1:e651:88c1::1,-,-,es,Connected,Yes,41.3815,2.1315,"Turris Omnia, Barcelona"
553,10045,208.76.221.49,20473,208.76.220.0/22,2a05:f480:2800:145f:5400:3ff:fed2:ba70,20473,2a05:f480:2800::/3,es,Connected,Yes,40.4185,-3.7015,-
554,10046,83.51.76.131,3352,83.51.0.0/16,2001:470:1f13:24a::1a1e,6939,2001:470::/32,es,Abandoned,Yes,41.3805,2.1295,xmt bcn movistar
555,10046,5.225.73.157,12430,5.224.0.0/15,fdc1:d42a:1944::1,-,-,es,Disconnected,Yes,40.4605,-3.7105,EspaÃ±a Madrid Franco Rodriguez
556,10047,185.253.154.66,49635,185.253.154.0/24,2a0c:b641:37f:b::1,202905,2a0c:b641:37f::/48,es,Abandoned,Yes,41.3885,2.1695,-
557,10047,5.225.73.157,12430,5.224.0.0/15,fdda:5862:9bf7::1,-,-,es,Disconnected,Yes,40.4215,-3.6895,EspaÃ±a Madrid Franco Rodriguez
558,10048,212.8.116.1,12338,212.8.64.0/18,fd47:37c4:8a7::1,-,-,es,Connected,Yes,43.2575,-2.9295,Turris Unamuno
559,10048,2.143.38.201,3352,2.143.0.0/16,fd6e:3005:88e8::1,-,-,es,Abandoned,Yes,43.2585,-2.9295,Turris Unamuno
560,10048,2.143.88.187,3352,2.143.0.0/16,fd6e:3005:88e8::1,-,-,es,Abandoned,Yes,43.3595,-2.9295,Laukiz LTE
561,10049,80.32.150.115,3352,80.32.0.0/16,-,-,-,es,Abandoned,Yes,41.3885,2.1715,-
562,10049,18.100.6.236,16509,18.100.0.0/15,2a05:d011:218:6500:5950:4100:5da0:58a6,16509,2a05:d011::/38,es,Connected,Yes,41.6475,-0.8885,AWS - Spain
563,10050,80.91.70.194,174,80.91.70.0/24,-,-,-,es,Connected,Yes,42.6315,-8.6195,-
564,10050,-,12479,92.59.228.0/22,-,-,-,es,Disconnected,No,42.3875,-8.4995,Raspi
565,10050,88.17.253.148,3352,88.17.0.0/16,-,-,-,es,Disconnected,Yes,39.4895,-0.3995,-
566,10050,82.213.239.94,15704,82.213.224.0/19,-,-,-,es,Connected,Yes,40.2905,-3.7995,-
567,10050,-,12334,77.27.192.0/18,-,-,-,es,Disconnected,No,42.3915,-8.4995,OPENWRT
568,10050,213.177.220.188,15704,213.177.216.0/21,-,-,-,es,Connected,Yes,43.3115,-1.9085,Galtzaraborda Probe
569,10051,86.127.241.86,57269,86.127.224.0/19,2a0c:5a85:d106:7a00:e92:f61:2e75:d6e9,57269,2a0c:5a80::/29,es,Disconnected,Yes,39.4715,-0.3825,-
570,10051,79.156.57.88,3352,79.156.0.0/16,-,-,-,es,Connected,Yes,41.6115,0.6295,-
571,10052,-,3352,80.36.0.0/16,-,57269,2a0c:5a80::/29,es,Disconnected,No,38.2715,-0.7115,Oficina
572,10052,185.47.128.101,59432,185.47.128.0/24,2a0e:46c4:28c1::dd:d2e5:cfe6,212294,2a0e:46c4:28c1::/4,es,Connected,Yes,40.4205,-3.6905,-
573,10053,79.116.0.148,57269,79.116.0.0/15,-,-,-,es,Connected,Yes,40.1915,-3.6725,Aletz.es
574,10053,185.49.184.104,15954,185.49.184.0/22,-,-,-,es,Connected,Yes,40.4905,-3.6905,-
575,10053,-,62080,194.145.141.0/24,-,62080,2001:678:310::/48,es,Connected,No,40.4915,-3.6885,AS62080 2
576,10054,79.116.62.230,57269,79.116.0.0/15,-,-,-,es,Disconnected,Yes,37.3795,-5.9715,-
